condition,block,mean_rally_length,std_rally_length,n_seeds_with_data,trial_block_start,trial_block_end
stimulus,0,0.5287140222644068,0.15847646399059812,10,1,50
stimulus,1,0.5855792033848062,0.2288795633282014,10,51,100
stimulus,2,0.5243503791530107,0.23534288986701937,10,101,150
stimulus,3,0.5279190716690716,0.15502909528865877,10,151,200
stimulus,4,0.5658540587952353,0.1998901733750994,10,201,250
stimulus,5,0.4722607450638597,0.11532652116791174,10,251,300
stimulus,6,0.45057451263333614,0.21397640758149497,10,301,350
stimulus,7,0.5072576777635094,0.16441623544139602,10,351,400
stimulus,8,0.5274170524487938,0.32465918001393934,10,401,450
stimulus,9,0.5094931773879142,0.20395423128585904,10,451,500
stimulus,10,0.547349451810496,0.31508821863735775,10,501,550
stimulus,11,0.5252723862824482,0.25201539122766525,10,551,600
stimulus,12,0.5180228521083287,0.2433307765791468,10,601,650
stimulus,13,0.46622154743284777,0.1648441196642767,10,651,700
stimulus,14,0.5819591764986501,0.42073223344295013,10,701,750
stimulus,15,0.5618674333554641,0.47464189223768877,10,751,800
stimulus,16,0.41388281275308625,0.1664760947896897,10,801,850
stimulus,17,0.5426782287609743,0.18499163076806255,10,851,900
stimulus,18,0.45540264553715054,0.11190821661930273,10,901,950
stimulus,19,0.5117460826210827,0.240748407020141,10,951,1000
stimulus,20,0.4102464801710157,0.14039724857850627,10,1001,1050
stimulus,21,0.4763927677234129,0.17296558785998994,10,1051,1100
stimulus,22,0.5266147000006108,0.2995649455678945,10,1101,1150
stimulus,23,0.4624066500711238,0.22012876110959656,10,1151,1200
stimulus,24,0.45191196166708486,0.2307293047055768,10,1201,1250
stimulus,25,0.5157240460845773,0.12123004080953292,10,1251,1300
stimulus,26,0.4799565817641457,0.2114721039803887,10,1301,1350
stimulus,27,0.4625952966066992,0.13312841251880872,10,1351,1400
stimulus,28,0.5594845657992209,0.2341138812486043,10,1401,1450
stimulus,29,0.5322429782723901,0.22076873595895133,10,1451,1500
stimulus,30,0.5163577761739526,0.22832637711577727,10,1501,1550
stimulus,31,0.50847381598346,0.19115757888417942,10,1551,1600
stimulus,32,0.4408756842664562,0.1248446071836233,10,1601,1650
stimulus,33,0.4356082527038409,0.1721660208485784,10,1651,1700
stimulus,34,0.5563733763352886,0.3070174011977585,10,1701,1750
stimulus,35,0.5308884493982742,0.3037408232093324,10,1751,1800
stimulus,36,0.4771584479216058,0.19649551059745932,10,1801,1850
stimulus,37,0.4744715122187232,0.15521169504432764,10,1851,1900
stimulus,38,0.4989645955126972,0.2397539458103016,10,1901,1950
stimulus,39,0.4668679088832028,0.16878245435640835,10,1951,2000
stimulus,40,0.4727384708219331,0.2443625886101718,10,2001,2050
stimulus,41,0.4874542136479743,0.1697790559826968,10,2051,2100
stimulus,42,0.5303629336524074,0.24411096964687876,10,2101,2150
stimulus,43,0.47248320691718115,0.1735615645287636,10,2151,2200
stimulus,44,0.4343923815041971,0.11681898731395424,10,2201,2250
stimulus,45,0.4385951555069202,0.08523593186442208,10,2251,2300
stimulus,46,0.5683833813245578,0.3754761763322755,10,2301,2350
stimulus,47,0.4290612203112203,0.1700014783100694,10,2351,2400
stimulus,48,0.5616182121971596,0.21255503421289945,10,2401,2450
stimulus,49,0.5262692390972425,0.2224494747747817,10,2451,2500
stimulus,50,0.4755788025903046,0.2839982055934658,10,2501,2550
stimulus,51,0.5470686975378881,0.21071005223297865,10,2551,2600
stimulus,52,0.504001688738406,0.23236476211485982,10,2601,2650
stimulus,53,0.40736082995951417,0.16086088307739277,10,2651,2700
stimulus,54,0.5639556676948585,0.25017162434856627,10,2701,2750
stimulus,55,0.5593374024019185,0.23663158274313245,10,2751,2800
stimulus,56,0.48085500220414834,0.19843725988351013,10,2801,2850
stimulus,57,0.425379308228341,0.22805831968263202,10,2851,2900
stimulus,58,0.5602951057447711,0.20957379904800447,10,2901,2950
stimulus,59,0.5161825901531784,0.2437268353946248,10,2951,3000
no_feedback,0,0.46945369014334537,0.1560435721174465,10,1,50
no_feedback,1,0.5285020365515722,0.2343641349154078,10,51,100
no_feedback,2,0.5177064254673363,0.16513824988382086,10,101,150
no_feedback,3,0.5209382522653396,0.14894401859626277,10,151,200
no_feedback,4,0.5231372875490522,0.17043251997544862,10,201,250
no_feedback,5,0.5299152275862509,0.15160579142298908,10,251,300
no_feedback,6,0.44835991935991937,0.23201461175809862,10,301,350
no_feedback,7,0.3820683694832302,0.14237199461627037,10,351,400
no_feedback,8,0.5060535665535666,0.19621413714986832,10,401,450
no_feedback,9,0.43992490696438064,0.11145672204105904,10,451,500
no_feedback,10,0.5718155842962345,0.3312099125330115,10,501,550
no_feedback,11,0.5913903872359755,0.2702442963898607,10,551,600
no_feedback,12,0.5990647313471045,0.3315594849144764,10,601,650
no_feedback,13,0.45021202453090997,0.18600558259884156,10,651,700
no_feedback,14,0.596592769507874,0.40125618693196435,10,701,750
no_feedback,15,0.49240186496284055,0.23864590587205695,10,751,800
no_feedback,16,0.3881606293760356,0.1808331204702129,10,801,850
no_feedback,17,0.5516617619198919,0.20145093659811725,10,851,900
no_feedback,18,0.464744227532951,0.21761542415827084,10,901,950
no_feedback,19,0.4953901155787238,0.21291456982079404,10,951,1000
no_feedback,20,0.4548163234935948,0.19135763838907843,10,1001,1050
no_feedback,21,0.4584532903318482,0.17472364657769504,10,1051,1100
no_feedback,22,0.593719456035428,0.246493623583139,10,1101,1150
no_feedback,23,0.5648428562529606,0.17323877447503752,10,1151,1200
no_feedback,24,0.4733838246931226,0.23356068091710247,10,1201,1250
no_feedback,25,0.46318008414357303,0.14320019326342795,10,1251,1300
no_feedback,26,0.48454177766677764,0.15188562090498134,10,1301,1350
no_feedback,27,0.45921617062890946,0.1768216491294474,10,1351,1400
no_feedback,28,0.522799910585154,0.19276949989074343,10,1401,1450
no_feedback,29,0.5254160673971128,0.16273238312298385,10,1451,1500
no_feedback,30,0.5283578350915812,0.2723387668118981,10,1501,1550
no_feedback,31,0.4869838914492696,0.1310448665985423,10,1551,1600
no_feedback,32,0.45784955432757035,0.1889431453609249,10,1601,1650
no_feedback,33,0.3985585831356878,0.16772629418245155,10,1651,1700
no_feedback,34,0.5943776590540614,0.34186021513289705,10,1701,1750
no_feedback,35,0.5557405363660282,0.3180405290030103,10,1751,1800
no_feedback,36,0.5130456865750983,0.1810229643700479,10,1801,1850
no_feedback,37,0.4459873412386198,0.16483188838601698,10,1851,1900
no_feedback,38,0.5422055383505268,0.19398386389198666,10,1901,1950
no_feedback,39,0.4429828674947521,0.13592796978881103,10,1951,2000
no_feedback,40,0.477791826964558,0.2211982146478196,10,2001,2050
no_feedback,41,0.47204964451155673,0.22864667178723816,10,2051,2100
no_feedback,42,0.5632492083506282,0.2520805325640593,10,2101,2150
no_feedback,43,0.4388518628072071,0.152673220506085,10,2151,2200
no_feedback,44,0.4334993449784738,0.1286334305702294,10,2201,2250
no_feedback,45,0.45920423499370866,0.13125398128430096,10,2251,2300
no_feedback,46,0.5480342946778972,0.23972759772739083,10,2301,2350
no_feedback,47,0.5054035374878156,0.24014705984955861,10,2351,2400
no_feedback,48,0.5735859375859376,0.23678377912920473,10,2401,2450
no_feedback,49,0.536082950923658,0.21966737562472377,10,2451,2500
no_feedback,50,0.4394165487699991,0.20722514664025138,10,2501,2550
no_feedback,51,0.52439138394585,0.2413811460397132,10,2551,2600
no_feedback,52,0.4872481734011573,0.24110600719401867,10,2601,2650
no_feedback,53,0.43796673254383717,0.2010152995327365,10,2651,2700
no_feedback,54,0.515728969665404,0.16319072913893873,10,2701,2750
no_feedback,55,0.5419385384125809,0.21016996731904003,10,2751,2800
no_feedback,56,0.4743678392089817,0.24693230475817068,10,2801,2850
no_feedback,57,0.41707790729171074,0.21387109585851932,10,2851,2900
no_feedback,58,0.43954057169296323,0.19048956355590288,10,2901,2950
no_feedback,59,0.5574489057681782,0.2241834264775654,10,2951,3000
frozen,0,0.49684074581550536,0.13902796444630347,10,1,50
frozen,1,0.5450127974658585,0.17345020460913818,10,51,100
frozen,2,0.5452761986266479,0.2804889114144668,10,101,150
frozen,3,0.5369058624276841,0.1412011191804118,10,151,200
frozen,4,0.5586929022994014,0.13083099811477691,10,201,250
frozen,5,0.4475674576610257,0.14841928733191348,10,251,300
frozen,6,0.41273364222091846,0.19858491762467134,10,301,350
frozen,7,0.44468641481355126,0.17028279441865418,10,351,400
frozen,8,0.5595057564784968,0.33416417787526703,10,401,450
frozen,9,0.4520052391779147,0.16750543608512633,10,451,500
frozen,10,0.5874057277086389,0.26708390546400623,10,501,550
frozen,11,0.5603127453438599,0.3044467676306521,10,551,600
frozen,12,0.5652656791581765,0.2836667789884426,10,601,650
frozen,13,0.44240633961028697,0.15452399145182694,10,651,700
frozen,14,0.6206379991296201,0.47473935005364915,10,701,750
frozen,15,0.4863756961764552,0.24975462303723253,10,751,800
frozen,16,0.39731761681227373,0.1662961548344357,10,801,850
frozen,17,0.5800213196764921,0.18898022356688346,10,851,900
frozen,18,0.44723439116228486,0.16391504825287817,10,901,950
frozen,19,0.49313333726839914,0.2313687488739168,10,951,1000
frozen,20,0.3969210399894686,0.1744453377536287,10,1001,1050
frozen,21,0.5303573753941401,0.23548757215609561,10,1051,1100
frozen,22,0.4788728558528336,0.1847587247009976,10,1101,1150
frozen,23,0.5400537710913162,0.2988882495280644,10,1151,1200
frozen,24,0.48490906494214264,0.23702624681225487,10,1201,1250
frozen,25,0.49093076321179785,0.17196875882530477,10,1251,1300
frozen,26,0.4436876189082072,0.12945455251971136,10,1301,1350
frozen,27,0.48554798953873907,0.1451697188644534,10,1351,1400
frozen,28,0.5291524349822312,0.21821154965203132,10,1401,1450
frozen,29,0.5009227161736904,0.1521326184198078,10,1451,1500
frozen,30,0.4871021386516953,0.19527407095394456,10,1501,1550
frozen,31,0.5044691802721989,0.18510972541711235,10,1551,1600
frozen,32,0.5159981030364424,0.19431298072422654,10,1601,1650
frozen,33,0.41688325661829717,0.1870185593044564,10,1651,1700
frozen,34,0.6089405567294426,0.31110331003009994,10,1701,1750
frozen,35,0.5145101079883688,0.2927631135159595,10,1751,1800
frozen,36,0.48009406785497866,0.12785134662832065,10,1801,1850
frozen,37,0.5088964198831372,0.2052098639291283,10,1851,1900
frozen,38,0.559277119310014,0.17540128453883533,10,1901,1950
frozen,39,0.49961333776873573,0.11171675205534604,10,1951,2000
frozen,40,0.473233163254136,0.21142262508386409,10,2001,2050
frozen,41,0.5029940476079169,0.16559092917026372,10,2051,2100
frozen,42,0.5179992182601291,0.13853185697880355,10,2101,2150
frozen,43,0.4663448774376766,0.22923700135333092,10,2151,2200
frozen,44,0.4973318745875672,0.1847830154469095,10,2201,2250
frozen,45,0.46629972391255353,0.1427451291318511,10,2251,2300
frozen,46,0.583426041864372,0.2729310112199919,10,2301,2350
frozen,47,0.4328085222481774,0.17450647839946504,10,2351,2400
frozen,48,0.6156306123589145,0.24051214268988555,10,2401,2450
frozen,49,0.5076746935299566,0.21528078151392113,10,2451,2500
frozen,50,0.4503280366183592,0.20706121293957577,10,2501,2550
frozen,51,0.5551477055891317,0.23788671791694516,10,2551,2600
frozen,52,0.5880350188272336,0.31155057807068676,10,2601,2650
frozen,53,0.44477841512078253,0.17645064457760531,10,2651,2700
frozen,54,0.5705308374173117,0.1677273457793247,10,2701,2750
frozen,55,0.4922431362732721,0.22361225645392577,10,2751,2800
frozen,56,0.4845931523756601,0.27915207321392554,10,2801,2850
frozen,57,0.43777985891416016,0.19446780747151496,10,2851,2900
frozen,58,0.5012814936062989,0.1639212155300048,10,2901,2950
frozen,59,0.6333253114753902,0.38198937538905176,10,2951,3000
