condition,seed,n_rallies,mean_rally_length,mean_ace_rate,mean_long_rally_rate,total_abs_weight_change,early_rally_length,late_rally_length,early_ace_rate,late_ace_rate,rally_improvement
frozen,42,2155,0.39211136890951276,0.7187935034802784,0.022273781902552203,0.0,0.3812154696132597,0.4090056285178236,0.7219152854511971,0.7166979362101313,0.027790158904563933
frozen,43,2207,0.35885817852288177,0.737652922519257,0.021295876755777075,0.0,0.34532374100719426,0.3256637168141593,0.7607913669064749,0.7433628318584071,-0.019660024193034975
frozen,44,1992,0.5060240963855421,0.6696787148594378,0.03815261044176707,0.0,0.4850894632206759,0.5409836065573771,0.6898608349900597,0.6434426229508197,0.055894143336701174
frozen,45,2146,0.3979496738117428,0.7185461323392358,0.02516309412861137,0.0,0.41776937618147447,0.3907407407407407,0.7013232514177694,0.7222222222222222,-0.02702863544073375
frozen,46,2131,0.4077897700610042,0.7151572031909902,0.028625058657907085,0.0,0.4124293785310734,0.43320610687022904,0.704331450094162,0.7022900763358778,0.020776728339155615
frozen,47,1689,0.7750148016577857,0.5589105979869745,0.08111308466548253,0.0,0.8427518427518428,0.7730496453900709,0.5135135135135135,0.5342789598108747,-0.06970219736177186
frozen,48,2299,0.3044802087864289,0.7598956067855589,0.014354066985645933,0.0,0.3163444639718805,0.29360967184801384,0.7574692442882249,0.7616580310880829,-0.022734792123866643
frozen,49,1986,0.5105740181268882,0.6666666666666666,0.04179254783484391,0.0,0.5337423312883436,0.5295315682281059,0.6707566462167689,0.6496945010183299,-0.00421076306023771
frozen,50,1956,0.532719836400818,0.6528629856850716,0.04447852760736196,0.0,0.5583333333333333,0.5182186234817814,0.65,0.6619433198380567,-0.040114709851551966
frozen,51,1723,0.7411491584445734,0.5583284968078932,0.0702263493905978,0.0,0.7378190255220418,0.8228155339805825,0.5614849187935035,0.5339805825242718,0.08499650845854068
no_feedback,42,2107,0.4238253440911248,0.7100142382534409,0.028476506881822496,0.0,0.39925373134328357,0.39925373134328357,0.6940298507462687,0.7201492537313433,0.0
no_feedback,43,2172,0.3807550644567219,0.7196132596685083,0.018876611418047883,0.0,0.37362637362637363,0.3618181818181818,0.7234432234432234,0.7345454545454545,-0.011808191808191815
no_feedback,44,2070,0.4492753623188406,0.6932367149758454,0.03140096618357488,0.0,0.42314990512333966,0.4461538461538462,0.7039848197343453,0.6807692307692308,0.023003941030506514
no_feedback,45,2172,0.3807550644567219,0.7288213627992634,0.024861878453038673,0.0,0.3914656771799629,0.38961038961038963,0.7198515769944341,0.7458256029684601,-0.0018552875695732607
no_feedback,46,2139,0.40205703599813,0.7143525011687705,0.028050490883590462,0.0,0.3812154696132597,0.4340344168260038,0.714548802946593,0.7112810707456979,0.052818947212744105
no_feedback,47,1695,0.7687315634218289,0.5628318584070796,0.07787610619469026,0.0,0.8472906403940886,0.7123287671232876,0.5197044334975369,0.5547945205479452,-0.134961873270801
no_feedback,48,2310,0.2982683982683983,0.7610389610389611,0.010822510822510822,0.0,0.3686131386861314,0.2609427609427609,0.7098540145985401,0.7794612794612794,-0.10767037774337046
no_feedback,49,1982,0.513622603430878,0.6670030272452069,0.04339051463168517,0.0,0.5560165975103735,0.5516528925619835,0.6493775933609959,0.6446280991735537,-0.0043637049483900014
no_feedback,50,2022,0.48318496538081107,0.6740850642927795,0.03165182987141444,0.0,0.5070422535211268,0.4526112185686654,0.6559356136820925,0.690522243713733,-0.05443103495246138
no_feedback,51,1711,0.7533606078316774,0.5622443015780245,0.07890122735242548,0.0,0.7418604651162791,0.8567901234567902,0.5627906976744186,0.5358024691358024,0.11492965834051105
stimulus,42,2136,0.4044943820224719,0.7116104868913857,0.024344569288389514,0.3635914320439798,0.3877551020408163,0.3779816513761468,0.7179962894248608,0.7247706422018348,-0.009773450664669503
stimulus,43,2173,0.3801196502531063,0.7271053842613898,0.02116889093419236,0.31362561664683475,0.3888888888888889,0.3471223021582734,0.737037037037037,0.7410071942446043,-0.04176658673061551
stimulus,44,2043,0.4684287812041116,0.6901615271659325,0.0381791483113069,0.20092160050215446,0.5090543259557344,0.44787644787644787,0.6720321931589537,0.6872586872586872,-0.06117787807928654
stimulus,45,2150,0.3953488372093023,0.718139534883721,0.025116279069767444,0.20281746079148955,0.3786764705882353,0.42045454545454547,0.7150735294117647,0.7083333333333334,0.04177807486631019
stimulus,46,2139,0.4011220196353436,0.7129499766245909,0.023842917251051893,0.21361109660451455,0.4506769825918762,0.4228571428571429,0.6808510638297872,0.6914285714285714,-0.027819839734733343
stimulus,47,1700,0.7635294117647059,0.5664705882352942,0.07470588235294118,0.22399352281978824,0.8427518427518428,0.728110599078341,0.5184275184275184,0.5391705069124424,-0.11464124367350181
stimulus,48,2310,0.2982683982683983,0.7636363636363637,0.011255411255411256,0.23931463111714743,0.33037300177619894,0.28034188034188035,0.7406749555950266,0.7692307692307693,-0.05003112143431859
stimulus,49,2011,0.4917951268025858,0.6777722526106414,0.04127299850820487,0.6924499103905664,0.503006012024048,0.5233265720081136,0.6793587174348698,0.665314401622718,0.020320559984065567
stimulus,50,1996,0.503006012024048,0.6728456913827655,0.03907815631262525,0.00042275487636757,0.5172413793103449,0.5060240963855421,0.6693711967545639,0.6706827309236948,-0.01121728292480273
stimulus,51,1700,0.7647058823529411,0.5564705882352942,0.07235294117647059,0.2495911969476768,0.7743467933491687,0.8753117206982544,0.5510688836104513,0.5187032418952618,0.10096492734908569
