condition,seed,threshold,trial_reached,reached
stimulus,42,0.9,,False
stimulus,43,0.9,,False
stimulus,44,0.9,1750.0,True
stimulus,45,0.9,,False
stimulus,46,0.9,,False
stimulus,47,0.9,100.0,True
stimulus,48,0.9,,False
stimulus,49,0.9,,False
stimulus,50,0.9,,False
stimulus,51,0.9,150.0,True
no_feedback,42,0.9,,False
no_feedback,43,0.9,,False
no_feedback,44,0.9,2150.0,True
no_feedback,45,0.9,,False
no_feedback,46,0.9,,False
no_feedback,47,0.9,350.0,True
no_feedback,48,0.9,,False
no_feedback,49,0.9,600.0,True
no_feedback,50,0.9,650.0,True
no_feedback,51,0.9,100.0,True
frozen,42,0.9,,False
frozen,43,0.9,,False
frozen,44,0.9,,False
frozen,45,0.9,,False
frozen,46,0.9,,False
frozen,47,0.9,450.0,True
frozen,48,0.9,,False
frozen,49,0.9,,False
frozen,50,0.9,150.0,True
frozen,51,0.9,450.0,True
